id,name,category_name,brand_name,characteristic_name,product_status,mass,design,accessories,launch_time,description,sale_price,price,ram,rom,color,attribute_values
2348,Xiaomi Redmi Note 11SE,Smartphone,Xiaomi,Gaming,100,1.5,Kim loại,"Sạc, Tai nghe",2023,data dummy,3655735.00,3655735.00,6 GB,64 GB,Trắng,"6.43 inches, 1080 x 2400 px Display with Punch Hole, Android v11, 13 MP Front Camera, 13 MP Front Camera, Helio G95, Octa Core, 2.05 GHz Processor, Dual Sim, 3G, 4G, VoLTE, Wi-Fi, IR Blaster, 5000 mAh Battery with 33W Fast Charging, 33W Fast Charging, Dual Sim, 3G, 4G, VoLTE, Wi-Fi, IR Blaster"
2343,Xiaomi Redmi Note 13 Pro Max 5G,Smartphone,Xiaomi,Gaming,100,1.5,Kim loại,"Sạc, Tai nghe",2023,data dummy,6245430.00,6245430.00,6 GB,128 GB,Trắng,"6.67 inches, 1080 x 2460 px, 120 Hz Display with Punch Hole, Android v12, 32 MP Front Camera, 32 MP Front Camera, Snapdragon  7 Gen1, Octa Core, 2.36 GHz Processor, Dual Sim, 3G, 4G, 5G, VoLTE, Wi-Fi, IR Blaster, 5200 mAh Battery with 67W Fast Charging, 67W Fast Charging, Dual Sim, 3G, 4G, 5G, VoLTE, Wi-Fi, IR Blaster"
2338,Xiaomi Redmi Note 10S (6GB RAM + 128GB),Smartphone,Xiaomi,Gaming,100,1.5,Kim loại,"Sạc, Tai nghe",2023,data dummy,3655735.00,3655735.00,6 GB,128 GB,Trắng,"6.43 inches, 1080 x 2400 px Display with Punch Hole, Android v11, 13 MP Front Camera, 13 MP Front Camera, Helio G95, Octa Core, 2.05 GHz Processor, Dual Sim, 3G, 4G, VoLTE, Wi-Fi, IR Blaster, 5000 mAh Battery with 33W Fast Charging, 33W Fast Charging, Dual Sim, 3G, 4G, VoLTE, Wi-Fi, IR Blaster"
2322,Xiaomi Redmi Note 12 (6GB RAM + 128GB),Smartphone,Xiaomi,Gaming,100,1.5,Kim loại,"Sạc, Tai nghe",2023,data dummy,6089744.00,6089744.00,6 GB,128 GB,Trắng,"6.67 inches, 1080 x 2400 px, 120 Hz Display with Punch Hole, Android v12, 13 MP Front Camera, 13 MP Front Camera, Snapdragon 4 Gen 1, Octa Core, 2 GHz Processor, Dual Sim, 3G, 4G, 5G, VoLTE, Wi-Fi, IR Blaster, 5000 mAh Battery with 33W Fast Charging, 33W Fast Charging, Dual Sim, 3G, 4G, 5G, VoLTE, Wi-Fi, IR Blaster"
2320,Xiaomi Redmi 10,Smartphone,Xiaomi,Gaming,100,1.5,Kim loại,"Sạc, Tai nghe",2023,data dummy,2921481.00,2921481.00,4 GB,64 GB,Trắng,"6.7 inches, 720 x 1600 px Display with Water Drop Notch, Android v11, 5 MP Front Camera, 5 MP Front Camera, Snapdragon 680, Octa Core, 2.4 GHz Processor, Dual Sim, 3G, 4G, VoLTE, Wi-Fi, 6000 mAh Battery with 18W Fast Charging, 18W Fast Charging, Dual Sim, 3G, 4G, VoLTE, Wi-Fi"
2307,Xiaomi Redmi Note 11 Pro Plus 5G (8GB RAM + 256GB),Smartphone,Xiaomi,Gaming,100,1.5,Kim loại,"Sạc, Tai nghe",2023,data dummy,7007105.00,7007105.00,8 GB,256 GB,Xanh,"6.67 inches, 1080 x 2400 px, 120 Hz Display with Punch Hole, Android v11, 16 MP Front Camera, 16 MP Front Camera,  Snapdragon  695, Octa Core, 2.2 GHz Processor, Dual Sim, 3G, 4G, 5G, VoLTE, Wi-Fi, IR Blaster, 5000 mAh Battery with 67W Fast Charging, 67W Fast Charging, Dual Sim, 3G, 4G, 5G, VoLTE, Wi-Fi, IR Blaster"
2303,Xiaomi Redmi Note 10 Lite,Smartphone,Xiaomi,Gaming,100,1.5,Kim loại,"Sạc, Tai nghe",2023,data dummy,3046395.00,3046395.00,4 GB,64 GB,Trắng,"6.67 inches, 1080 x 2400 px Display with Punch Hole, Android v10.0, 16 MP Front Camera, 16 MP Front Camera, Snapdragon 720G, Octa Core, 2.3 GHz Processor, Dual Sim, 3G, 4G, VoLTE, Wi-Fi, IR Blaster, 5020 mAh Battery with 18W Fast Charging, 18W Fast Charging, Dual Sim, 3G, 4G, VoLTE, Wi-Fi, IR Blaster"
2302,Xiaomi Redmi 11 Prime 5G,Smartphone,Xiaomi,Gaming,100,1.5,Kim loại,"Sạc, Tai nghe",2023,data dummy,4102686.00,4102686.00,4 GB,64 GB,Xanh,"6.58 inches, 1080 x 2408 px, 90 Hz Display with Water Drop Notch, Android v12, 5 MP Front Camera, 5 MP Front Camera, Dimensity 700 5G, Octa Core, 2.2 GHz Processor, Dual Sim, 3G, 4G, 5G, VoLTE, Wi-Fi, IR Blaster, 5000 mAh Battery with 18W Fast Charging, 18W Fast Charging, Dual Sim, 3G, 4G, 5G, VoLTE, Wi-Fi, IR Blaster"
2286,Xiaomi Redmi A1,Smartphone,Xiaomi,Gaming,100,1.5,Kim loại,"Sạc, Tai nghe",2023,data dummy,1880119.00,1880119.00,2 GB,32 GB,Trắng,"6.52 inches, 720 x 1600 px Display with Water Drop Notch, Android v12, 5 MP Front Camera, 5 MP Front Camera, Helio A22, Quad Core, 2 GHz Processor, Dual Sim, 3G, 4G, VoLTE, Wi-Fi, 5000 mAh Battery with 10W Fast Charging, 10W Fast Charging, Dual Sim, 3G, 4G, VoLTE, Wi-Fi"
2284,Xiaomi Redmi K50i 5G,Smartphone,Xiaomi,Gaming,100,1.5,Kim loại,"Sạc, Tai nghe",2023,data dummy,7007105.00,7007105.00,6 GB,128 GB,Xanh,"6.6 inches, 1080 x 2460 px, 144 Hz Display with Punch Hole, Bluetooth, 16 MP Front Camera, 16 MP Front Camera, Dimensity  8100, Octa Core, 2.85 GHz Processor, Dual Sim, 3G, 4G, 5G, VoLTE, Wi-Fi, IR Blaster, 5080 mAh Battery with 67W Fast Charging, 67W Fast Charging, Dual Sim, 3G, 4G, 5G, VoLTE, Wi-Fi, IR Blaster"
2277,Xiaomi 13 Pro 5G,Smartphone,Xiaomi,Gaming,100,1.5,Kim loại,"Sạc, Tai nghe",2023,data dummy,17972483.00,17972483.00,8 GB,128 GB,Đen,"6.73 inches, 1440 x 3200 px, 120 Hz Display with Punch Hole, Android v13, 32 MP Front Camera, 32 MP Front Camera, Snapdragon 8 Gen2, Octa Core, 3.2 GHz Processor, Dual Sim, 3G, 4G, 5G, VoLTE, Wi-Fi, NFC, IR Blaster, 4820 mAh Battery with 120W Fast Charging, 120W Fast Charging, Dual Sim, 3G, 4G, 5G, VoLTE, Wi-Fi, NFC, IR Blaster"
2273,Xiaomi Redmi Note 11 Pro Max 5G,Smartphone,Xiaomi,Gaming,100,1.5,Kim loại,"Sạc, Tai nghe",2023,data dummy,6093095.00,6093095.00,6 GB,128 GB,Xanh,"6.67 inches, 1080 x 2400 px, 120 Hz Display with Punch Hole, Android v11, 32 MP Front Camera, 32 MP Front Camera, Snapdragon 778G, Octa Core, 2.4 GHz Processor, Dual Sim, 3G, 4G, 5G, VoLTE, Wi-Fi, IR Blaster, 5200 mAh Battery with 33W Fast Charging, 33W Fast Charging, Dual Sim, 3G, 4G, 5G, VoLTE, Wi-Fi, IR Blaster"
2260,Xiaomi Redmi Note 11 (6GB RAM + 128GB),Smartphone,Xiaomi,Gaming,100,1.5,Kim loại,"Sạc, Tai nghe",2023,data dummy,4353734.00,4353734.00,6 GB,128 GB,Đen,"6.43 inches, 1080 x 2400 px, 90 Hz Display with Punch Hole, Android v11, 13 MP Front Camera, 13 MP Front Camera, Snapdragon  680, Octa Core, 2.4 GHz Processor, Dual Sim, 3G, 4G, VoLTE, Wi-Fi, IR Blaster, 5000 mAh Battery with 33W Fast Charging, 33W Fast Charging, Dual Sim, 3G, 4G, VoLTE, Wi-Fi, IR Blaster"
2251,Xiaomi Redmi 10A (4GB RAM + 64GB),Smartphone,Xiaomi,Gaming,100,1.5,Kim loại,"Sạc, Tai nghe",2023,data dummy,2555572.00,2555572.00,4 GB,64 GB,Trắng,"6.53 inches, 720 x 1600 px Display with Water Drop Notch, Android v11, 5 MP Front Camera, 5 MP Front Camera, Helio  G25, Octa Core, 2 GHz Processor, Dual Sim, 3G, 4G, VoLTE, Wi-Fi, 5000 mAh Battery, , Dual Sim, 3G, 4G, VoLTE, Wi-Fi"
2246,Xiaomi Redmi Note 10T 5G (6GB RAM +128GB),Smartphone,Xiaomi,Gaming,100,1.5,Kim loại,"Sạc, Tai nghe",2023,data dummy,4265075.00,4265075.00,6 GB,128 GB,Đen,"6.5 inches, 1080 x 2400 px, 90 Hz Display with Punch Hole, Android v11, 8 MP Front Camera, 8 MP Front Camera, Dimensity 700 , Octa Core, 2.2 GHz Processor, Dual Sim, 3G, 4G, 5G, VoLTE, Wi-Fi, IR Blaster, 5000 mAh Battery with 18W Fast Charging, 18W Fast Charging, Dual Sim, 3G, 4G, 5G, VoLTE, Wi-Fi, IR Blaster"
2239,Xiaomi Redmi Note 12 Pro Plus (12GB RAM + 256GB),Smartphone,Xiaomi,Gaming,100,1.5,Kim loại,"Sạc, Tai nghe",2023,data dummy,10053805.00,10053805.00,12 GB,256 GB,Đen,"6.67 inches, 1080 x 2400 px, 120 Hz Display with Punch Hole, Android v12, 16 MP Front Camera, 16 MP Front Camera, Dimensity 1080, Octa Core, 2.6 GHz Processor, Dual Sim, 3G, 4G, 5G, VoLTE, Wi-Fi, IR Blaster, 4980 mAh Battery with 120W Fast Charging, 120W Fast Charging, Dual Sim, 3G, 4G, 5G, VoLTE, Wi-Fi, IR Blaster"
2232,Xiaomi Redmi Note 13 Pro 5G,Smartphone,Xiaomi,Gaming,100,1.5,Kim loại,"Sạc, Tai nghe",2023,data dummy,5481013.00,5481013.00,6 GB,128 GB,Đen,"6.67 inches, 1080 x 2460 px, 120 Hz Display with Punch Hole, Bluetooth, 16 MP Front Camera, 16 MP Front Camera, Dimensity 720, Octa Core, 2 GHz Processor, Dual Sim, 3G, 4G, 5G, VoLTE, Wi-Fi, NFC, IR Blaster, 5000 mAh Battery with 67W Fast Charging, 67W Fast Charging, Dual Sim, 3G, 4G, 5G, VoLTE, Wi-Fi, NFC, IR Blaster"
2229,Xiaomi Redmi Note 10S,Smartphone,Xiaomi,Gaming,100,1.5,Kim loại,"Sạc, Tai nghe",2023,data dummy,3351065.00,3351065.00,6 GB,64 GB,Đen,"6.43 inches, 1080 x 2400 px Display with Punch Hole, Android v11, 13 MP Front Camera, 13 MP Front Camera, Helio G95, Octa Core, 2.05 GHz Processor, Dual Sim, 3G, 4G, VoLTE, Wi-Fi, IR Blaster, 5000 mAh Battery with 33W Fast Charging, 33W Fast Charging, Dual Sim, 3G, 4G, VoLTE, Wi-Fi, IR Blaster"
2218,Xiaomi Redmi Note 11,Smartphone,Xiaomi,Gaming,100,1.5,Kim loại,"Sạc, Tai nghe",2023,data dummy,3636541.00,3636541.00,4 GB,64 GB,Xanh,"6.43 inches, 1080 x 2400 px, 90 Hz Display with Punch Hole, Android v11, 13 MP Front Camera, 13 MP Front Camera, Snapdragon  680, Octa Core, 2.4 GHz Processor, Dual Sim, 3G, 4G, VoLTE, Wi-Fi, IR Blaster, 5000 mAh Battery with 33W Fast Charging, 33W Fast Charging, Dual Sim, 3G, 4G, VoLTE, Wi-Fi, IR Blaster"
2213,Xiaomi Redmi Note 11 Pro Plus 5G,Smartphone,Xiaomi,Gaming,100,1.5,Kim loại,"Sạc, Tai nghe",2023,data dummy,6093095.00,6093095.00,6 GB,128 GB,Đen,"6.67 inches, 1080 x 2400 px, 120 Hz Display with Punch Hole, Android v11, 16 MP Front Camera, 16 MP Front Camera,  Snapdragon  695, Octa Core, 2.2 GHz Processor, Dual Sim, 3G, 4G, 5G, VoLTE, Wi-Fi, IR Blaster, 5000 mAh Battery with 67W Fast Charging, 67W Fast Charging, Dual Sim, 3G, 4G, 5G, VoLTE, Wi-Fi, IR Blaster"
2210,Xiaomi Redmi Note 12 Pro Max 5G,Smartphone,Xiaomi,Gaming,100,1.5,Kim loại,"Sạc, Tai nghe",2023,data dummy,10053805.00,10053805.00,6 GB,128 GB,Xanh,"6.67 inches, 1080 x 2460 px, 120 Hz Display with Punch Hole, Android v12, 32 MP Front Camera, 32 MP Front Camera, Snapdragon  7 Gen1, Octa Core, 2.36 GHz Processor, Dual Sim, 3G, 4G, 5G, VoLTE, Wi-Fi, IR Blaster, 5200 mAh Battery with 210W Fast Charging, 210W Fast Charging, Dual Sim, 3G, 4G, 5G, VoLTE, Wi-Fi, IR Blaster"
2195,Xiaomi Redmi Note 12,Smartphone,Xiaomi,Gaming,100,1.5,Kim loại,"Sạc, Tai nghe",2023,data dummy,5441102.00,5441102.00,4 GB,128 GB,Xanh,"6.67 inches, 1080 x 2400 px, 120 Hz Display with Punch Hole, Android v12, 13 MP Front Camera, 13 MP Front Camera, Snapdragon 4 Gen 1, Octa Core, 2 GHz Processor, Dual Sim, 3G, 4G, 5G, VoLTE, Wi-Fi, IR Blaster, 5000 mAh Battery with 33W Fast Charging, 33W Fast Charging, Dual Sim, 3G, 4G, 5G, VoLTE, Wi-Fi, IR Blaster"
2184,Xiaomi Redmi Note 12 Pro 5G,Smartphone,Xiaomi,Gaming,100,1.5,Kim loại,"Sạc, Tai nghe",2023,data dummy,7544239.00,7544239.00,6 GB,128 GB,Đen,"6.67 inches, 1080 x 2400 px, 120 Hz Display with Punch Hole, No FM Radio, 16 MP Front Camera, 16 MP Front Camera, Dimensity 1080, Octa Core, 2.6 GHz Processor, Dual Sim, 3G, 4G, 5G, VoLTE, Wi-Fi, IR Blaster, 5000 mAh Battery with 67W Fast Charging, 67W Fast Charging, Dual Sim, 3G, 4G, 5G, VoLTE, Wi-Fi, IR Blaster"
2179,Xiaomi Redmi Note 12 Pro Plus,Smartphone,Xiaomi,Gaming,100,1.5,Kim loại,"Sạc, Tai nghe",2023,data dummy,9139795.00,9139795.00,8 GB,256 GB,Đen,"6.67 inches, 1080 x 2400 px, 120 Hz Display with Punch Hole, Android v12, 16 MP Front Camera, 16 MP Front Camera, Dimensity 1080, Octa Core, 2.6 GHz Processor, Dual Sim, 3G, 4G, 5G, VoLTE, Wi-Fi, IR Blaster, 4980 mAh Battery with 120W Fast Charging, 120W Fast Charging, Dual Sim, 3G, 4G, 5G, VoLTE, Wi-Fi, IR Blaster"
2171,Xiaomi Redmi Note 9 Pro,Smartphone,Xiaomi,Gaming,100,1.5,Kim loại,"Sạc, Tai nghe",2023,data dummy,4265075.00,4265075.00,4 GB,64 GB,Đen,"6.67 inches, 1080 x 2400 px Display with Punch Hole, Android v10.0, 16 MP Front Camera, 16 MP Front Camera, Snapdragon 720G, Octa Core, 2.3 GHz Processor, Dual Sim, 3G, 4G, VoLTE, Wi-Fi, IR Blaster, 5020 mAh Battery with 18W Fast Charging, 18W Fast Charging, Dual Sim, 3G, 4G, VoLTE, Wi-Fi, IR Blaster"
2157,Xiaomi Redmi Note 12 Discovery Edition,Smartphone,Xiaomi,Gaming,100,1.5,Kim loại,"Sạc, Tai nghe",2023,data dummy,8223043.00,8223043.00,8 GB,256 GB,Đen,"6.67 inches, 1080 x 2400 px, 120 Hz Display with Punch Hole, Android v12, 16 MP Front Camera, 16 MP Front Camera, Dimensity 1080, Octa Core, 2.6 GHz Processor, Dual Sim, 3G, 4G, 5G, VoLTE, Wi-Fi, NFC, IR Blaster, 4300 mAh Battery with 210W Fast Charging, 210W Fast Charging, Dual Sim, 3G, 4G, 5G, VoLTE, Wi-Fi, NFC, IR Blaster"
2147,Xiaomi Redmi A1 Plus,Smartphone,Xiaomi,Gaming,100,1.5,Kim loại,"Sạc, Tai nghe",2023,data dummy,2220740.00,2220740.00,2 GB,32 GB,Xanh,"6.52 inches, 720 x 1600 px Display with Water Drop Notch, Android v12, 5 MP Front Camera, 5 MP Front Camera, Helio A22, Quad Core, 2 GHz Processor, Dual Sim, 3G, 4G, VoLTE, Wi-Fi, 5000 mAh Battery with 10W Fast Charging, 10W Fast Charging, Dual Sim, 3G, 4G, VoLTE, Wi-Fi"
2141,Xiaomi Redmi 11 Prime,Smartphone,Xiaomi,Gaming,100,1.5,Kim loại,"Sạc, Tai nghe",2023,data dummy,3534172.00,3534172.00,4 GB,64 GB,Đen,"6.58 inches, 1080 x 2400 px, 90 Hz Display with Water Drop Notch, Android v12, 8 MP Front Camera, 8 MP Front Camera, Helio G99, Octa Core, 2.2 GHz Processor, Dual Sim, 3G, 4G, VoLTE, Wi-Fi, IR Blaster, 5000 mAh Battery with 18W Fast Charging, 18W Fast Charging, Dual Sim, 3G, 4G, VoLTE, Wi-Fi, IR Blaster"
2116,Xiaomi Poco F1,Smartphone,Xiaomi,Gaming,100,1.5,Kim loại,"Sạc, Tai nghe",2023,data dummy,3655735.00,3655735.00,6 GB,64 GB,Xanh,"6.18 inches, 1080 x 2246 px Display with Large Notch, Android v8.1 (Oreo), 20 MP Front Camera, 20 MP Front Camera, Snapdragon 845, Octa Core, 2.8 GHz Processor, Dual Sim, 3G, 4G, VoLTE, Wi-Fi, 4000 mAh Battery with Fast Charging, Fast Charging, Dual Sim, 3G, 4G, VoLTE, Wi-Fi"
2111,Xiaomi Mi 11 Lite NE 5G (8GB RAM + 128GB),Smartphone,Xiaomi,Gaming,100,1.5,Kim loại,"Sạc, Tai nghe",2023,data dummy,7007105.00,7007105.00,8 GB,128 GB,Đen,"6.55 inches, 1080 x 2400 px, 90 Hz Display with Punch Hole, Android v11, 20 MP Front Camera, 20 MP Front Camera, Snapdragon  778G , Octa Core, 2.4 GHz Processor, Dual Sim, 3G, 4G, 5G, VoLTE, Wi-Fi, NFC, IR Blaster, 4250 mAh Battery with 33W Fast Charging, 33W Fast Charging, Dual Sim, 3G, 4G, 5G, VoLTE, Wi-Fi, NFC, IR Blaster"
2103,Xiaomi Mi Mix Alpha,Smartphone,Xiaomi,Gaming,100,1.5,Kim loại,"Sạc, Tai nghe",2023,data dummy,60930953.00,60930953.00,12 GB,512 GB,Đen,"7.92 inches, 2088 x 2250 px Display, Android v10, 108 MP + 20 MP + 12 MP Triple Rear Camera, 108 MP + 20 MP + 12 MP Triple Rear Camera, Snapdragon 855+, Octa Core, 2.96 GHz Processor, Dual Sim, 3G, 4G, 5G, VoLTE, Wi-Fi, 4050 mAh Battery with 40W Fast Charging, 40W Fast Charging, Dual Sim, 3G, 4G, 5G, VoLTE, Wi-Fi"
2101,Xiaomi Redmi 10 Prime,Smartphone,Xiaomi,Gaming,100,1.5,Kim loại,"Sạc, Tai nghe",2023,data dummy,3774861.00,3774861.00,4 GB,64 GB,Trắng,"6.5 inches, 1080 x 2400 px, 90 Hz Display with Punch Hole, Android v11, 8 MP Front Camera, 8 MP Front Camera, Helio G88, Octa Core, 2 GHz Processor, Dual Sim, 3G, 4G, VoLTE, Wi-Fi, IR Blaster, 6000 mAh Battery with 18W Fast Charging, 18W Fast Charging, Dual Sim, 3G, 4G, VoLTE, Wi-Fi, IR Blaster"
2087,Xiaomi Redmi Note 12 Pro Plus (6GB RAM + 128GB),Smartphone,Xiaomi,Gaming,100,1.5,Kim loại,"Sạc, Tai nghe",2023,data dummy,8225785.00,8225785.00,6 GB,128 GB,Trắng,"6.67 inches, 1080 x 2400 px, 120 Hz Display with Punch Hole, Android v12, 16 MP Front Camera, 16 MP Front Camera, Dimensity 1080, Octa Core, 2.6 GHz Processor, Dual Sim, 3G, 4G, 5G, VoLTE, Wi-Fi, IR Blaster, 4980 mAh Battery with 120W Fast Charging, 120W Fast Charging, Dual Sim, 3G, 4G, 5G, VoLTE, Wi-Fi, IR Blaster"
2083,Xiaomi Redmi 9A,Smartphone,Xiaomi,Gaming,100,1.5,Kim loại,"Sạc, Tai nghe",2023,data dummy,2132385.00,2132385.00,2 GB,32 GB,Trắng,"6.53 inches, 720 x 1600 px Display with Water Drop Notch, Android v10, 5 MP Front Camera, 5 MP Front Camera, Helio G25, Octa Core, 2 GHz Processor, Dual Sim, 3G, 4G, VoLTE, Wi-Fi, 5000 mAh Battery, , Dual Sim, 3G, 4G, VoLTE, Wi-Fi"
2079,Xiaomi Redmi Note 11S (8GB RAM + 128GB),Smartphone,Xiaomi,Gaming,100,1.5,Kim loại,"Sạc, Tai nghe",2023,data dummy,4821098.00,4821098.00,8 GB,128 GB,Trắng,"6.43 inches, 1080 x 2400 px, 90 Hz Display with Punch Hole, Android v11, 16 MP Front Camera, 16 MP Front Camera, Helio  G96, Octa Core, 2.05 GHz Processor, Dual Sim, 3G, 4G, VoLTE, Wi-Fi, IR Blaster, 5000 mAh Battery with 33W Fast Charging, 33W Fast Charging, Dual Sim, 3G, 4G, VoLTE, Wi-Fi, IR Blaster"
2071,Xiaomi Redmi Note 10,Smartphone,Xiaomi,Gaming,100,1.5,Kim loại,"Sạc, Tai nghe",2023,data dummy,4262333.00,4262333.00,4 GB,64 GB,Xanh,"6.43 inches, 1080 x 2400 px Display with Punch Hole, Android v11, 13 MP Front Camera, 13 MP Front Camera, Snapdragon 678, Octa Core, 2.2 GHz Processor, Dual Sim, 3G, 4G, VoLTE, Wi-Fi, IR Blaster, 5000 mAh Battery with 33W Fast Charging, 33W Fast Charging, Dual Sim, 3G, 4G, VoLTE, Wi-Fi, IR Blaster"
2069,Xiaomi Mi 11T Pro 5G,Smartphone,Xiaomi,Gaming,100,1.5,Kim loại,"Sạc, Tai nghe",2023,data dummy,10660403.00,10660403.00,8 GB,128 GB,Đen,"6.67 inches, 1080 x 2400 px, 120 Hz Display with Punch Hole, No FM Radio, 16 MP Front Camera, 16 MP Front Camera, Snapdragon  888 , Octa Core, 2.84 GHz Processor, Dual Sim, 3G, 4G, 5G, VoLTE, Wi-Fi, NFC, IR Blaster, 5000 mAh Battery with 120W Fast Charging, 120W Fast Charging, Dual Sim, 3G, 4G, 5G, VoLTE, Wi-Fi, NFC, IR Blaster"
2064,Xiaomi 12S Ultra,Smartphone,Xiaomi,Gaming,100,1.5,Kim loại,"Sạc, Tai nghe",2023,data dummy,21323853.00,21323853.00,8 GB,256 GB,Xanh,"6.73 inches, 1440 x 3200 px, 120 Hz Display with Punch Hole, No FM Radio, 32 MP Front Camera, 32 MP Front Camera, Snapdragon 8+ Gen1, Octa Core, 3.2 GHz Processor, Dual Sim, 3G, 4G, 5G, VoLTE, Wi-Fi, NFC, IR Blaster, 4860 mAh Battery with 67W Fast Charging, 67W Fast Charging, Dual Sim, 3G, 4G, 5G, VoLTE, Wi-Fi, NFC, IR Blaster"
2059,Xiaomi Redmi 10A (6GB RAM + 128GB),Smartphone,Xiaomi,Gaming,100,1.5,Kim loại,"Sạc, Tai nghe",2023,data dummy,3305670.00,3305670.00,6 GB,128 GB,Đen,"6.53 inches, 720 x 1600 px Display with Water Drop Notch, Android v11, 5 MP Front Camera, 5 MP Front Camera, Helio  G25, Octa Core, 2 GHz Processor, Dual Sim, 3G, 4G, VoLTE, Wi-Fi, 5000 mAh Battery, , Dual Sim, 3G, 4G, VoLTE, Wi-Fi"
2056,Xiaomi Mi 11X,Smartphone,Xiaomi,Gaming,100,1.5,Kim loại,"Sạc, Tai nghe",2023,data dummy,7278566.00,7278566.00,6 GB,128 GB,Trắng,"6.67 inches, 1080 x 2400 px, 120 Hz Display with Punch Hole, No FM Radio, 20 MP Front Camera, 20 MP Front Camera, Snapdragon 870, Octa Core, 3.2 GHz Processor, Dual Sim, 3G, 4G, 5G, VoLTE, Wi-Fi, IR Blaster, 4520 mAh Battery with 33W Fast Charging, 33W Fast Charging, Dual Sim, 3G, 4G, 5G, VoLTE, Wi-Fi, IR Blaster"
2050,Xiaomi Mi 11i 5G,Smartphone,Xiaomi,Gaming,100,1.5,Kim loại,"Sạc, Tai nghe",2023,data dummy,7159440.00,7159440.00,6 GB,128 GB,Xanh,"6.67 inches, 2400 x 1080 px, 120 Hz Display with Punch Hole, Android v11, 16 MP Front Camera, 16 MP Front Camera, Dimensity  920 5G, Octa Core, 2.5 GHz Processor, Dual Sim, 3G, 4G, 5G, VoLTE, Wi-Fi, IR Blaster, 5160 mAh Battery with 67W Fast Charging, 67W Fast Charging, Dual Sim, 3G, 4G, 5G, VoLTE, Wi-Fi, IR Blaster"
2047,Xiaomi Redmi Note 11T 5G,Smartphone,Xiaomi,Gaming,100,1.5,Kim loại,"Sạc, Tai nghe",2023,data dummy,5179085.00,5179085.00,6 GB,64 GB,Trắng,"6.6 inches, 1080 x 2400 px, 90 Hz Display with Punch Hole, Android v11, 16 MP Front Camera, 16 MP Front Camera, Dimensity  810 5G, Octa Core, 2.4 GHz Processor, Dual Sim, 3G, 4G, 5G, VoLTE, Wi-Fi, IR Blaster, 5000 mAh Battery with 33W Fast Charging, 33W Fast Charging, Dual Sim, 3G, 4G, 5G, VoLTE, Wi-Fi, IR Blaster"
2039,Xiaomi Redmi Note 11 5G,Smartphone,Xiaomi,Gaming,100,1.5,Kim loại,"Sạc, Tai nghe",2023,data dummy,4567003.00,4567003.00,4 GB,128 GB,Đen,"6.6 inches, 1080 x 2400 px, 90 Hz Display with Punch Hole, Android v11, 16 MP Front Camera, 16 MP Front Camera, Dimensity  810 5G, Octa Core, 2.4 GHz Processor, Dual Sim, 3G, 4G, 5G, VoLTE, Wi-Fi, IR Blaster, 5000 mAh Battery with 33W Fast Charging, 33W Fast Charging, Dual Sim, 3G, 4G, 5G, VoLTE, Wi-Fi, IR Blaster"
2037,Xiaomi Redmi Note 10 Lite (6GB RAM + 128GB),Smartphone,Xiaomi,Gaming,100,1.5,Kim loại,"Sạc, Tai nghe",2023,data dummy,3655735.00,3655735.00,6 GB,128 GB,Trắng,"6.67 inches, 1080 x 2400 px Display with Punch Hole, Android v10.0, 16 MP Front Camera, 16 MP Front Camera, Snapdragon 720G, Octa Core, 2.3 GHz Processor, Dual Sim, 3G, 4G, VoLTE, Wi-Fi, IR Blaster, 5020 mAh Battery with 18W Fast Charging, 18W Fast Charging, Dual Sim, 3G, 4G, VoLTE, Wi-Fi, IR Blaster"
2010,Xiaomi Redmi Note 11T 5G (8GB RAM + 128GB),Smartphone,Xiaomi,Gaming,100,1.5,Kim loại,"Sạc, Tai nghe",2023,data dummy,5636090.00,5636090.00,8 GB,128 GB,Đen,"6.6 inches, 1080 x 2400 px, 90 Hz Display with Punch Hole, Android v11, 16 MP Front Camera, 16 MP Front Camera, Dimensity  810 5G, Octa Core, 2.4 GHz Processor, Dual Sim, 3G, 4G, 5G, VoLTE, Wi-Fi, IR Blaster, 5000 mAh Battery with 33W Fast Charging, 33W Fast Charging, Dual Sim, 3G, 4G, 5G, VoLTE, Wi-Fi, IR Blaster"
2002,Xiaomi 12T Pro 5G,Smartphone,Xiaomi,Gaming,100,1.5,Kim loại,"Sạc, Tai nghe",2023,data dummy,18277153.00,18277153.00,8 GB,128 GB,Trắng,"6.67 inches, 1220 x 2712 px, 120 Hz Display with Punch Hole, No FM Radio, 20 MP Front Camera, 20 MP Front Camera, Snapdragon  8+ Gen1, Octa Core, 3.2 GHz Processor, Dual Sim, 3G, 4G, 5G, VoLTE, Wi-Fi, NFC, IR Blaster, 5000 mAh Battery with 120W Fast Charging, 120W Fast Charging, Dual Sim, 3G, 4G, 5G, VoLTE, Wi-Fi, NFC, IR Blaster"
1999,Xiaomi Redmi 10A Sport,Smartphone,Xiaomi,Gaming,100,1.5,Kim loại,"Sạc, Tai nghe",2023,data dummy,3046395.00,3046395.00,6 GB,128 GB,Đen,"6.53 inches, 720 x 1600 px Display with Water Drop Notch, Android v11, 5 MP Front Camera, 5 MP Front Camera, Helio G25, Octa Core, 2 GHz Processor, Dual Sim, 3G, 4G, VoLTE, Wi-Fi, IR Blaster, 5000 mAh Battery, , Dual Sim, 3G, 4G, VoLTE, Wi-Fi, IR Blaster"
1995,Xiaomi Redmi K60 Pro,Smartphone,Xiaomi,Gaming,100,1.5,Kim loại,"Sạc, Tai nghe",2023,data dummy,11881825.00,11881825.00,8 GB,128 GB,Xanh,"6.67 inches, 1440 x 3200 px, 120 Hz Display with Punch Hole, No FM Radio, 16 MP Front Camera, 16 MP Front Camera, Snapdragon 8 Gen2, Octa Core, 3.2 GHz Processor, Dual Sim, 3G, 4G, 5G, VoLTE, Wi-Fi, NFC, IR Blaster, 5000 mAh Battery with 120W Fast Charging, 120W Fast Charging, Dual Sim, 3G, 4G, 5G, VoLTE, Wi-Fi, NFC, IR Blaster"
1992,Xiaomi Redmi 9i Sport,Smartphone,Xiaomi,Gaming,100,1.5,Kim loại,"Sạc, Tai nghe",2023,data dummy,2284720.00,2284720.00,4 GB,64 GB,Xanh,"6.53 inches, 720 x 1600 px Display with Water Drop Notch, Android v10, 5 MP Front Camera, 5 MP Front Camera, Helio G25, Octa Core, 2 GHz Processor, Dual Sim, 3G, 4G, VoLTE, Wi-Fi, 5000 mAh Battery with 10W Fast Charging, 10W Fast Charging, Dual Sim, 3G, 4G, VoLTE, Wi-Fi"
1982,Xiaomi Redmi 9 Activ,Smartphone,Xiaomi,Gaming,100,1.5,Kim loại,"Sạc, Tai nghe",2023,data dummy,2284720.00,2284720.00,4 GB,64 GB,Đen,"6.53 inches, 720 x 1600 px Display with Water Drop Notch, Android v11, 5 MP Front Camera, 5 MP Front Camera, Helio G35, Octa Core, 2.3 GHz Processor, Dual Sim, 3G, 4G, VoLTE, Wi-Fi, 5000 mAh Battery, , Dual Sim, 3G, 4G, VoLTE, Wi-Fi"
1981,Xiaomi Redmi Note 11S,Smartphone,Xiaomi,Gaming,100,1.5,Kim loại,"Sạc, Tai nghe",2023,data dummy,4445135.00,4445135.00,6 GB,64 GB,Xanh,"6.43 inches, 1080 x 2400 px, 90 Hz Display with Punch Hole, Android v11, 16 MP Front Camera, 16 MP Front Camera, Helio  G96, Octa Core, 2.05 GHz Processor, Dual Sim, 3G, 4G, VoLTE, Wi-Fi, IR Blaster, 5000 mAh Battery with 33W Fast Charging, 33W Fast Charging, Dual Sim, 3G, 4G, VoLTE, Wi-Fi, IR Blaster"
1968,Xiaomi Redmi Note 10 Pro (6GB RAM + 128GB),Smartphone,Xiaomi,Gaming,100,1.5,Kim loại,"Sạc, Tai nghe",2023,data dummy,5483755.00,5483755.00,6 GB,128 GB,Đen,"6.67 inches, 1080 x 2400 px, 120 Hz Display with Punch Hole, Android v11, 16 MP Front Camera, 16 MP Front Camera, Snapdragon 732G , Octa Core, 2.3 GHz Processor, Dual Sim, 3G, 4G, VoLTE, Wi-Fi, IR Blaster, 5020 mAh Battery with 33W Fast Charging, 33W Fast Charging, Dual Sim, 3G, 4G, VoLTE, Wi-Fi, IR Blaster"
1946,Xiaomi Mi 11 Lite NE 5G,Smartphone,Xiaomi,Gaming,100,1.5,Kim loại,"Sạc, Tai nghe",2023,data dummy,6669226.00,6669226.00,6 GB,128 GB,Trắng,"6.55 inches, 1080 x 2400 px, 90 Hz Display with Punch Hole, Android v11, 20 MP Front Camera, 20 MP Front Camera, Snapdragon  778G , Octa Core, 2.4 GHz Processor, Dual Sim, 3G, 4G, 5G, VoLTE, Wi-Fi, NFC, IR Blaster, 4250 mAh Battery with 33W Fast Charging, 33W Fast Charging, Dual Sim, 3G, 4G, 5G, VoLTE, Wi-Fi, NFC, IR Blaster"
1945,Xiaomi Redmi 10 (6GB RAM + 128GB),Smartphone,Xiaomi,Gaming,100,1.5,Kim loại,"Sạc, Tai nghe",2023,data dummy,3655735.00,3655735.00,6 GB,128 GB,Xanh,"6.7 inches, 720 x 1600 px Display with Water Drop Notch, Android v11, 5 MP Front Camera, 5 MP Front Camera, Snapdragon 680, Octa Core, 2.4 GHz Processor, Dual Sim, 3G, 4G, VoLTE, Wi-Fi, 6000 mAh Battery with 18W Fast Charging, 18W Fast Charging, Dual Sim, 3G, 4G, VoLTE, Wi-Fi"
1942,Xiaomi Redmi K50i (8GB RAM + 256GB),Smartphone,Xiaomi,Gaming,100,1.5,Kim loại,"Sạc, Tai nghe",2023,data dummy,7921115.00,7921115.00,8 GB,256 GB,Đen,"6.6 inches, 1080 x 2460 px, 144 Hz Display with Punch Hole, Bluetooth, 16 MP Front Camera, 16 MP Front Camera, Dimensity  8100, Octa Core, 2.85 GHz Processor, Dual Sim, 3G, 4G, 5G, VoLTE, Wi-Fi, IR Blaster, 5080 mAh Battery with 67W Fast Charging, 67W Fast Charging, Dual Sim, 3G, 4G, 5G, VoLTE, Wi-Fi, IR Blaster"
1940,Xiaomi Redmi 10A,Smartphone,Xiaomi,Gaming,100,1.5,Kim loại,"Sạc, Tai nghe",2023,data dummy,2284720.00,2284720.00,3 GB,32 GB,Xanh,"6.53 inches, 720 x 1600 px Display with Water Drop Notch, Android v11, 5 MP Front Camera, 5 MP Front Camera, Helio  G25, Octa Core, 2 GHz Processor, Dual Sim, 3G, 4G, VoLTE, Wi-Fi, 5000 mAh Battery, , Dual Sim, 3G, 4G, VoLTE, Wi-Fi"
1939,Xiaomi 13 5G,Smartphone,Xiaomi,Gaming,100,1.5,Kim loại,"Sạc, Tai nghe",2023,data dummy,14316443.00,14316443.00,8 GB,128 GB,Đen,"6.36 inches, 1080 x 2400 px, 120 Hz Display with Punch Hole, No FM Radio, 32 MP Front Camera, 32 MP Front Camera, Snapdragon 8 Gen2, Octa Core, 3.2 GHz Processor, Dual Sim, 3G, 4G, 5G, VoLTE, Wi-Fi, NFC, IR Blaster, 4500 mAh Battery with 67W Fast Charging, 67W Fast Charging, Dual Sim, 3G, 4G, 5G, VoLTE, Wi-Fi, NFC, IR Blaster"
1934,Xiaomi Redmi Note 10S (8GB RAM + 128GB),Smartphone,Xiaomi,Gaming,100,1.5,Kim loại,"Sạc, Tai nghe",2023,data dummy,4265075.00,4265075.00,8 GB,128 GB,Trắng,"6.43 inches, 1080 x 2400 px Display with Punch Hole, Android v11, 13 MP Front Camera, 13 MP Front Camera, Helio G95, Octa Core, 2.05 GHz Processor, Dual Sim, 3G, 4G, VoLTE, Wi-Fi, IR Blaster, 5000 mAh Battery with 33W Fast Charging, 33W Fast Charging, Dual Sim, 3G, 4G, VoLTE, Wi-Fi, IR Blaster"
1928,Xiaomi Redmi Note 12 Turbo,Smartphone,Xiaomi,Gaming,100,1.5,Kim loại,"Sạc, Tai nghe",2023,data dummy,6093095.00,6093095.00,8 GB,128 GB,Trắng,"6.67 inches, 1080 x 2400 px, 120 Hz Display with Punch Hole, Android v13, 16 MP Front Camera, 16 MP Front Camera, Snapdragon 778G, Octa Core, 2.4 GHz Processor, Dual Sim, 3G, 4G, 5G, VoLTE, Wi-Fi, NFC, IR Blaster, 5000 mAh Battery with 67W Fast Charging, 67W Fast Charging, Dual Sim, 3G, 4G, 5G, VoLTE, Wi-Fi, NFC, IR Blaster"
1927,Xiaomi Redmi Note 12 Pro (8GB RAM + 128GB),Smartphone,Xiaomi,Gaming,100,1.5,Kim loại,"Sạc, Tai nghe",2023,data dummy,8225785.00,8225785.00,8 GB,128 GB,Đen,"6.67 inches, 1080 x 2400 px, 120 Hz Display with Punch Hole, No FM Radio, 16 MP Front Camera, 16 MP Front Camera, Dimensity 1080, Octa Core, 2.6 GHz Processor, Dual Sim, 3G, 4G, 5G, VoLTE, Wi-Fi, IR Blaster, 5000 mAh Battery with 67W Fast Charging, 67W Fast Charging, Dual Sim, 3G, 4G, 5G, VoLTE, Wi-Fi, IR Blaster"
1924,Xiaomi Redmi Note 10T 5G,Smartphone,Xiaomi,Gaming,100,1.5,Kim loại,"Sạc, Tai nghe",2023,data dummy,3960405.00,3960405.00,4 GB,64 GB,Đen,"6.5 inches, 1080 x 2400 px, 90 Hz Display with Punch Hole, Android v11, 8 MP Front Camera, 8 MP Front Camera, Dimensity 700 , Octa Core, 2.2 GHz Processor, Dual Sim, 3G, 4G, 5G, VoLTE, Wi-Fi, IR Blaster, 5000 mAh Battery with 18W Fast Charging, 18W Fast Charging, Dual Sim, 3G, 4G, 5G, VoLTE, Wi-Fi, IR Blaster"
1917,Xiaomi 12 Pro 5G,Smartphone,Xiaomi,Gaming,100,1.5,Kim loại,"Sạc, Tai nghe",2023,data dummy,15535123.00,15535123.00,8 GB,256 GB,Xanh,"6.73 inches, 1440 x 3200 px, 120 Hz Display with Punch Hole, No FM Radio, 32 MP Front Camera, 32 MP Front Camera, Snapdragon 8 Gen1, Octa Core, 3 GHz Processor, Dual Sim, 3G, 4G, 5G, VoLTE, Wi-Fi, NFC, IR Blaster, 4600 mAh Battery with 120W Fast Charging, 120W Fast Charging, Dual Sim, 3G, 4G, 5G, VoLTE, Wi-Fi, NFC, IR Blaster"
1916,Xiaomi Redmi Note 11 Pro Plus 5G (8GB RAM + 128GB),Smartphone,Xiaomi,Gaming,100,1.5,Kim loại,"Sạc, Tai nghe",2023,data dummy,6916009.00,6916009.00,8 GB,128 GB,Trắng,"6.67 inches, 1080 x 2400 px, 120 Hz Display with Punch Hole, Android v11, 16 MP Front Camera, 16 MP Front Camera,  Snapdragon  695, Octa Core, 2.2 GHz Processor, Dual Sim, 3G, 4G, 5G, VoLTE, Wi-Fi, IR Blaster, 5000 mAh Battery with 67W Fast Charging, 67W Fast Charging, Dual Sim, 3G, 4G, 5G, VoLTE, Wi-Fi, IR Blaster"
1915,Xiaomi Redmi 11 Prime 5G (6GB RAM + 128GB),Smartphone,Xiaomi,Gaming,100,1.5,Kim loại,"Sạc, Tai nghe",2023,data dummy,4871673.00,4871673.00,6 GB,128 GB,Trắng,"6.58 inches, 1080 x 2408 px, 90 Hz Display with Water Drop Notch, Android v12, 5 MP Front Camera, 5 MP Front Camera, Dimensity 700 5G, Octa Core, 2.2 GHz Processor, Dual Sim, 3G, 4G, 5G, VoLTE, Wi-Fi, IR Blaster, 5000 mAh Battery with 18W Fast Charging, 18W Fast Charging, Dual Sim, 3G, 4G, 5G, VoLTE, Wi-Fi, IR Blaster"
1895,Xiaomi Redmi Note 11 Pro 5G,Smartphone,Xiaomi,Gaming,100,1.5,Kim loại,"Sạc, Tai nghe",2023,data dummy,5481013.00,5481013.00,6 GB,64 GB,Xanh,"6.67 inches, 1080 x 2400 px, 120 Hz Display with Punch Hole, Android v11, 16 MP Front Camera, 16 MP Front Camera, Snapdragon 695, Octa Core, 2.2 GHz Processor, Dual Sim, 3G, 4G, 5G, VoLTE, Wi-Fi, IR Blaster, 5000 mAh Battery with 67W Fast Charging, 67W Fast Charging, Dual Sim, 3G, 4G, 5G, VoLTE, Wi-Fi, IR Blaster"
1886,Xiaomi Redmi Note 11T 5G (6GB RAM + 128GB),Smartphone,Xiaomi,Gaming,100,1.5,Kim loại,"Sạc, Tai nghe",2023,data dummy,5179085.00,5179085.00,6 GB,128 GB,Xanh,"6.6 inches, 1080 x 2400 px, 90 Hz Display with Punch Hole, Android v11, 16 MP Front Camera, 16 MP Front Camera, Dimensity  810 5G, Octa Core, 2.4 GHz Processor, Dual Sim, 3G, 4G, 5G, VoLTE, Wi-Fi, IR Blaster, 5000 mAh Battery with 33W Fast Charging, 33W Fast Charging, Dual Sim, 3G, 4G, 5G, VoLTE, Wi-Fi, IR Blaster"
1881,Xiaomi Redmi Note 12 Explorer,Smartphone,Xiaomi,Gaming,100,1.5,Kim loại,"Sạc, Tai nghe",2023,data dummy,7616445.00,7616445.00,8 GB,256 GB,Xanh,"6.67 inches, 1080 x 2400 px, 120 Hz Display with Punch Hole, Android v12, 16 MP Front Camera, 16 MP Front Camera, Dimensity 1080, Octa Core, 2.6 GHz Processor, Dual Sim, 3G, 4G, 5G, VoLTE, Wi-Fi, NFC, IR Blaster, 4300 mAh Battery with 120W Fast Charging, 120W Fast Charging, Dual Sim, 3G, 4G, 5G, VoLTE, Wi-Fi, NFC, IR Blaster"
1877,Xiaomi Mix Fold 2 5G,Smartphone,Xiaomi,Gaming,100,1.5,Kim loại,"Sạc, Tai nghe",2023,data dummy,32596643.00,32596643.00,12 GB,256 GB,Trắng,"8.02 inches, 1914 x 2160 px, 120 Hz Display with Punch Hole, Android v12, Foldable Display, Dual Display, Foldable Display, Dual Display, Snapdragon  8+ Gen1 , Octa Core, 3.2 GHz Processor, Dual Sim, 3G, 4G, 5G, VoLTE, Wi-Fi, NFC, IR Blaster, 4500 mAh Battery with 67W Fast Charging, 67W Fast Charging, Dual Sim, 3G, 4G, 5G, VoLTE, Wi-Fi, NFC, IR Blaster"
1874,Xiaomi Redmi 10 Power,Smartphone,Xiaomi,Gaming,100,1.5,Kim loại,"Sạc, Tai nghe",2023,data dummy,3655735.00,3655735.00,8 GB,128 GB,Đen,"6.7 inches, 720 x 1650 px Display with Punch Hole, Android v11, 5 MP Front Camera, 5 MP Front Camera, Snapdragon 680, Octa Core, 2.4 GHz Processor, Dual Sim, 3G, 4G, VoLTE, Wi-Fi, IR Blaster, 6000 mAh Battery with 18W Fast Charging, 18W Fast Charging, Dual Sim, 3G, 4G, VoLTE, Wi-Fi, IR Blaster"
1865,Xiaomi Redmi Note 11 (6GB RAM + 64GB),Smartphone,Xiaomi,Gaming,100,1.5,Kim loại,"Sạc, Tai nghe",2023,data dummy,3713318.00,3713318.00,6 GB,64 GB,Xanh,"6.43 inches, 1080 x 2400 px, 90 Hz Display with Punch Hole, Android v11, 13 MP Front Camera, 13 MP Front Camera, Snapdragon  680, Octa Core, 2.4 GHz Processor, Dual Sim, 3G, 4G, VoLTE, Wi-Fi, IR Blaster, 5000 mAh Battery with 33W Fast Charging, 33W Fast Charging, Dual Sim, 3G, 4G, VoLTE, Wi-Fi, IR Blaster"
1861,Xiaomi Redmi K60,Smartphone,Xiaomi,Gaming,100,1.5,Kim loại,"Sạc, Tai nghe",2023,data dummy,9137053.00,9137053.00,8 GB,128 GB,Đen,"6.67 inches, 1440 x 3200 px, 120 Hz Display with Punch Hole, No FM Radio, 16 MP Front Camera, 16 MP Front Camera, Snapdragon  8+ Gen1, Octa Core, 3.2 GHz Processor, Dual Sim, 3G, 4G, 5G, VoLTE, Wi-Fi, NFC, IR Blaster, 5500 mAh Battery with 67W Fast Charging, 67W Fast Charging, Dual Sim, 3G, 4G, 5G, VoLTE, Wi-Fi, NFC, IR Blaster"
1850,Xiaomi Redmi Note 12 Pro (8GB RAM + 256GB),Smartphone,Xiaomi,Gaming,100,1.5,Kim loại,"Sạc, Tai nghe",2023,data dummy,8528932.00,8528932.00,8 GB,256 GB,Trắng,"6.67 inches, 1080 x 2400 px, 120 Hz Display with Punch Hole, No FM Radio, 16 MP Front Camera, 16 MP Front Camera, Dimensity 1080, Octa Core, 2.6 GHz Processor, Dual Sim, 3G, 4G, 5G, VoLTE, Wi-Fi, IR Blaster, 5000 mAh Battery with 67W Fast Charging, 67W Fast Charging, Dual Sim, 3G, 4G, 5G, VoLTE, Wi-Fi, IR Blaster"
1844,Xiaomi 13 Ultra 5G,Smartphone,Xiaomi,Gaming,100,1.5,Kim loại,"Sạc, Tai nghe",2023,data dummy,21935935.00,21935935.00,12 GB,256 GB,Xanh,"6.6 inches, 1440 x 3200 px, 120 Hz Display with Punch Hole, No FM Radio, 32 MP Front Camera, 32 MP Front Camera, Snapdragon 8 Gen2, Octa Core, 3.2 GHz Processor, Dual Sim, 3G, 4G, 5G, VoLTE, Wi-Fi, NFC, IR Blaster, 5000 mAh Battery with 120W Fast Charging, 120W Fast Charging, Dual Sim, 3G, 4G, 5G, VoLTE, Wi-Fi, NFC, IR Blaster"
1817,Xiaomi Redmi Note 11SE,Smartphone,Xiaomi,Gaming,100,1.5,Kim loại,"Sạc, Tai nghe",2023,data dummy,3655735.00,3655735.00,6 GB,64 GB,Đen,"6.43 inches, 1080 x 2400 px Display with Punch Hole, Android v11, 13 MP Front Camera, 13 MP Front Camera, Helio G95, Octa Core, 2.05 GHz Processor, Dual Sim, 3G, 4G, VoLTE, Wi-Fi, IR Blaster, 5000 mAh Battery with 33W Fast Charging, 33W Fast Charging, Dual Sim, 3G, 4G, VoLTE, Wi-Fi, IR Blaster"
1812,Xiaomi Redmi Note 13 Pro Max 5G,Smartphone,Xiaomi,Gaming,100,1.5,Kim loại,"Sạc, Tai nghe",2023,data dummy,6245430.00,6245430.00,6 GB,128 GB,Đen,"6.67 inches, 1080 x 2460 px, 120 Hz Display with Punch Hole, Android v12, 32 MP Front Camera, 32 MP Front Camera, Snapdragon  7 Gen1, Octa Core, 2.36 GHz Processor, Dual Sim, 3G, 4G, 5G, VoLTE, Wi-Fi, IR Blaster, 5200 mAh Battery with 67W Fast Charging, 67W Fast Charging, Dual Sim, 3G, 4G, 5G, VoLTE, Wi-Fi, IR Blaster"
1807,Xiaomi Redmi Note 10S (6GB RAM + 128GB),Smartphone,Xiaomi,Gaming,100,1.5,Kim loại,"Sạc, Tai nghe",2023,data dummy,3655735.00,3655735.00,6 GB,128 GB,Đen,"6.43 inches, 1080 x 2400 px Display with Punch Hole, Android v11, 13 MP Front Camera, 13 MP Front Camera, Helio G95, Octa Core, 2.05 GHz Processor, Dual Sim, 3G, 4G, VoLTE, Wi-Fi, IR Blaster, 5000 mAh Battery with 33W Fast Charging, 33W Fast Charging, Dual Sim, 3G, 4G, VoLTE, Wi-Fi, IR Blaster"
1791,Xiaomi Redmi Note 12 (6GB RAM + 128GB),Smartphone,Xiaomi,Gaming,100,1.5,Kim loại,"Sạc, Tai nghe",2023,data dummy,6089744.00,6089744.00,6 GB,128 GB,Xanh,"6.67 inches, 1080 x 2400 px, 120 Hz Display with Punch Hole, Android v12, 13 MP Front Camera, 13 MP Front Camera, Snapdragon 4 Gen 1, Octa Core, 2 GHz Processor, Dual Sim, 3G, 4G, 5G, VoLTE, Wi-Fi, IR Blaster, 5000 mAh Battery with 33W Fast Charging, 33W Fast Charging, Dual Sim, 3G, 4G, 5G, VoLTE, Wi-Fi, IR Blaster"
1789,Xiaomi Redmi 10,Smartphone,Xiaomi,Gaming,100,1.5,Kim loại,"Sạc, Tai nghe",2023,data dummy,2921481.00,2921481.00,4 GB,64 GB,Đen,"6.7 inches, 720 x 1600 px Display with Water Drop Notch, Android v11, 5 MP Front Camera, 5 MP Front Camera, Snapdragon 680, Octa Core, 2.4 GHz Processor, Dual Sim, 3G, 4G, VoLTE, Wi-Fi, 6000 mAh Battery with 18W Fast Charging, 18W Fast Charging, Dual Sim, 3G, 4G, VoLTE, Wi-Fi"
1776,Xiaomi Redmi Note 11 Pro Plus 5G (8GB RAM + 256GB),Smartphone,Xiaomi,Gaming,100,1.5,Kim loại,"Sạc, Tai nghe",2023,data dummy,7007105.00,7007105.00,8 GB,256 GB,Trắng,"6.67 inches, 1080 x 2400 px, 120 Hz Display with Punch Hole, Android v11, 16 MP Front Camera, 16 MP Front Camera,  Snapdragon  695, Octa Core, 2.2 GHz Processor, Dual Sim, 3G, 4G, 5G, VoLTE, Wi-Fi, IR Blaster, 5000 mAh Battery with 67W Fast Charging, 67W Fast Charging, Dual Sim, 3G, 4G, 5G, VoLTE, Wi-Fi, IR Blaster"
1772,Xiaomi Redmi Note 10 Lite,Smartphone,Xiaomi,Gaming,100,1.5,Kim loại,"Sạc, Tai nghe",2023,data dummy,3046395.00,3046395.00,4 GB,64 GB,Xanh,"6.67 inches, 1080 x 2400 px Display with Punch Hole, Android v10.0, 16 MP Front Camera, 16 MP Front Camera, Snapdragon 720G, Octa Core, 2.3 GHz Processor, Dual Sim, 3G, 4G, VoLTE, Wi-Fi, IR Blaster, 5020 mAh Battery with 18W Fast Charging, 18W Fast Charging, Dual Sim, 3G, 4G, VoLTE, Wi-Fi, IR Blaster"
1771,Xiaomi Redmi 11 Prime 5G,Smartphone,Xiaomi,Gaming,100,1.5,Kim loại,"Sạc, Tai nghe",2023,data dummy,4102686.00,4102686.00,4 GB,64 GB,Đen,"6.58 inches, 1080 x 2408 px, 90 Hz Display with Water Drop Notch, Android v12, 5 MP Front Camera, 5 MP Front Camera, Dimensity 700 5G, Octa Core, 2.2 GHz Processor, Dual Sim, 3G, 4G, 5G, VoLTE, Wi-Fi, IR Blaster, 5000 mAh Battery with 18W Fast Charging, 18W Fast Charging, Dual Sim, 3G, 4G, 5G, VoLTE, Wi-Fi, IR Blaster"
1755,Xiaomi Redmi A1,Smartphone,Xiaomi,Gaming,100,1.5,Kim loại,"Sạc, Tai nghe",2023,data dummy,1880119.00,1880119.00,2 GB,32 GB,Trắng,"6.52 inches, 720 x 1600 px Display with Water Drop Notch, Android v12, 5 MP Front Camera, 5 MP Front Camera, Helio A22, Quad Core, 2 GHz Processor, Dual Sim, 3G, 4G, VoLTE, Wi-Fi, 5000 mAh Battery with 10W Fast Charging, 10W Fast Charging, Dual Sim, 3G, 4G, VoLTE, Wi-Fi"
1753,Xiaomi Redmi K50i 5G,Smartphone,Xiaomi,Gaming,100,1.5,Kim loại,"Sạc, Tai nghe",2023,data dummy,7007105.00,7007105.00,6 GB,128 GB,Đen,"6.6 inches, 1080 x 2460 px, 144 Hz Display with Punch Hole, Bluetooth, 16 MP Front Camera, 16 MP Front Camera, Dimensity  8100, Octa Core, 2.85 GHz Processor, Dual Sim, 3G, 4G, 5G, VoLTE, Wi-Fi, IR Blaster, 5080 mAh Battery with 67W Fast Charging, 67W Fast Charging, Dual Sim, 3G, 4G, 5G, VoLTE, Wi-Fi, IR Blaster"
1746,Xiaomi 13 Pro 5G,Smartphone,Xiaomi,Gaming,100,1.5,Kim loại,"Sạc, Tai nghe",2023,data dummy,17972483.00,17972483.00,8 GB,128 GB,Đen,"6.73 inches, 1440 x 3200 px, 120 Hz Display with Punch Hole, Android v13, 32 MP Front Camera, 32 MP Front Camera, Snapdragon 8 Gen2, Octa Core, 3.2 GHz Processor, Dual Sim, 3G, 4G, 5G, VoLTE, Wi-Fi, NFC, IR Blaster, 4820 mAh Battery with 120W Fast Charging, 120W Fast Charging, Dual Sim, 3G, 4G, 5G, VoLTE, Wi-Fi, NFC, IR Blaster"
1742,Xiaomi Redmi Note 11 Pro Max 5G,Smartphone,Xiaomi,Gaming,100,1.5,Kim loại,"Sạc, Tai nghe",2023,data dummy,6093095.00,6093095.00,6 GB,128 GB,Trắng,"6.67 inches, 1080 x 2400 px, 120 Hz Display with Punch Hole, Android v11, 32 MP Front Camera, 32 MP Front Camera, Snapdragon 778G, Octa Core, 2.4 GHz Processor, Dual Sim, 3G, 4G, 5G, VoLTE, Wi-Fi, IR Blaster, 5200 mAh Battery with 33W Fast Charging, 33W Fast Charging, Dual Sim, 3G, 4G, 5G, VoLTE, Wi-Fi, IR Blaster"
1729,Xiaomi Redmi Note 11 (6GB RAM + 128GB),Smartphone,Xiaomi,Gaming,100,1.5,Kim loại,"Sạc, Tai nghe",2023,data dummy,4353734.00,4353734.00,6 GB,128 GB,Xanh,"6.43 inches, 1080 x 2400 px, 90 Hz Display with Punch Hole, Android v11, 13 MP Front Camera, 13 MP Front Camera, Snapdragon  680, Octa Core, 2.4 GHz Processor, Dual Sim, 3G, 4G, VoLTE, Wi-Fi, IR Blaster, 5000 mAh Battery with 33W Fast Charging, 33W Fast Charging, Dual Sim, 3G, 4G, VoLTE, Wi-Fi, IR Blaster"
1720,Xiaomi Redmi 10A (4GB RAM + 64GB),Smartphone,Xiaomi,Gaming,100,1.5,Kim loại,"Sạc, Tai nghe",2023,data dummy,2555572.00,2555572.00,4 GB,64 GB,Đen,"6.53 inches, 720 x 1600 px Display with Water Drop Notch, Android v11, 5 MP Front Camera, 5 MP Front Camera, Helio  G25, Octa Core, 2 GHz Processor, Dual Sim, 3G, 4G, VoLTE, Wi-Fi, 5000 mAh Battery, , Dual Sim, 3G, 4G, VoLTE, Wi-Fi"
1715,Xiaomi Redmi Note 10T 5G (6GB RAM +128GB),Smartphone,Xiaomi,Gaming,100,1.5,Kim loại,"Sạc, Tai nghe",2023,data dummy,4265075.00,4265075.00,6 GB,128 GB,Xanh,"6.5 inches, 1080 x 2400 px, 90 Hz Display with Punch Hole, Android v11, 8 MP Front Camera, 8 MP Front Camera, Dimensity 700 , Octa Core, 2.2 GHz Processor, Dual Sim, 3G, 4G, 5G, VoLTE, Wi-Fi, IR Blaster, 5000 mAh Battery with 18W Fast Charging, 18W Fast Charging, Dual Sim, 3G, 4G, 5G, VoLTE, Wi-Fi, IR Blaster"
1708,Xiaomi Redmi Note 12 Pro Plus (12GB RAM + 256GB),Smartphone,Xiaomi,Gaming,100,1.5,Kim loại,"Sạc, Tai nghe",2023,data dummy,10053805.00,10053805.00,12 GB,256 GB,Xanh,"6.67 inches, 1080 x 2400 px, 120 Hz Display with Punch Hole, Android v12, 16 MP Front Camera, 16 MP Front Camera, Dimensity 1080, Octa Core, 2.6 GHz Processor, Dual Sim, 3G, 4G, 5G, VoLTE, Wi-Fi, IR Blaster, 4980 mAh Battery with 120W Fast Charging, 120W Fast Charging, Dual Sim, 3G, 4G, 5G, VoLTE, Wi-Fi, IR Blaster"
1701,Xiaomi Redmi Note 13 Pro 5G,Smartphone,Xiaomi,Gaming,100,1.5,Kim loại,"Sạc, Tai nghe",2023,data dummy,5481013.00,5481013.00,6 GB,128 GB,Xanh,"6.67 inches, 1080 x 2460 px, 120 Hz Display with Punch Hole, Bluetooth, 16 MP Front Camera, 16 MP Front Camera, Dimensity 720, Octa Core, 2 GHz Processor, Dual Sim, 3G, 4G, 5G, VoLTE, Wi-Fi, NFC, IR Blaster, 5000 mAh Battery with 67W Fast Charging, 67W Fast Charging, Dual Sim, 3G, 4G, 5G, VoLTE, Wi-Fi, NFC, IR Blaster"
1698,Xiaomi Redmi Note 10S,Smartphone,Xiaomi,Gaming,100,1.5,Kim loại,"Sạc, Tai nghe",2023,data dummy,3351065.00,3351065.00,6 GB,64 GB,Xanh,"6.43 inches, 1080 x 2400 px Display with Punch Hole, Android v11, 13 MP Front Camera, 13 MP Front Camera, Helio G95, Octa Core, 2.05 GHz Processor, Dual Sim, 3G, 4G, VoLTE, Wi-Fi, IR Blaster, 5000 mAh Battery with 33W Fast Charging, 33W Fast Charging, Dual Sim, 3G, 4G, VoLTE, Wi-Fi, IR Blaster"
1687,Xiaomi Redmi Note 11,Smartphone,Xiaomi,Gaming,100,1.5,Kim loại,"Sạc, Tai nghe",2023,data dummy,3636541.00,3636541.00,4 GB,64 GB,Trắng,"6.43 inches, 1080 x 2400 px, 90 Hz Display with Punch Hole, Android v11, 13 MP Front Camera, 13 MP Front Camera, Snapdragon  680, Octa Core, 2.4 GHz Processor, Dual Sim, 3G, 4G, VoLTE, Wi-Fi, IR Blaster, 5000 mAh Battery with 33W Fast Charging, 33W Fast Charging, Dual Sim, 3G, 4G, VoLTE, Wi-Fi, IR Blaster"
1682,Xiaomi Redmi Note 11 Pro Plus 5G,Smartphone,Xiaomi,Gaming,100,1.5,Kim loại,"Sạc, Tai nghe",2023,data dummy,6093095.00,6093095.00,6 GB,128 GB,Trắng,"6.67 inches, 1080 x 2400 px, 120 Hz Display with Punch Hole, Android v11, 16 MP Front Camera, 16 MP Front Camera,  Snapdragon  695, Octa Core, 2.2 GHz Processor, Dual Sim, 3G, 4G, 5G, VoLTE, Wi-Fi, IR Blaster, 5000 mAh Battery with 67W Fast Charging, 67W Fast Charging, Dual Sim, 3G, 4G, 5G, VoLTE, Wi-Fi, IR Blaster"
1679,Xiaomi Redmi Note 12 Pro Max 5G,Smartphone,Xiaomi,Gaming,100,1.5,Kim loại,"Sạc, Tai nghe",2023,data dummy,10053805.00,10053805.00,6 GB,128 GB,Trắng,"6.67 inches, 1080 x 2460 px, 120 Hz Display with Punch Hole, Android v12, 32 MP Front Camera, 32 MP Front Camera, Snapdragon  7 Gen1, Octa Core, 2.36 GHz Processor, Dual Sim, 3G, 4G, 5G, VoLTE, Wi-Fi, IR Blaster, 5200 mAh Battery with 210W Fast Charging, 210W Fast Charging, Dual Sim, 3G, 4G, 5G, VoLTE, Wi-Fi, IR Blaster"
1664,Xiaomi Redmi Note 12,Smartphone,Xiaomi,Gaming,100,1.5,Kim loại,"Sạc, Tai nghe",2023,data dummy,5441102.00,5441102.00,4 GB,128 GB,Xanh,"6.67 inches, 1080 x 2400 px, 120 Hz Display with Punch Hole, Android v12, 13 MP Front Camera, 13 MP Front Camera, Snapdragon 4 Gen 1, Octa Core, 2 GHz Processor, Dual Sim, 3G, 4G, 5G, VoLTE, Wi-Fi, IR Blaster, 5000 mAh Battery with 33W Fast Charging, 33W Fast Charging, Dual Sim, 3G, 4G, 5G, VoLTE, Wi-Fi, IR Blaster"
1653,Xiaomi Redmi Note 12 Pro 5G,Smartphone,Xiaomi,Gaming,100,1.5,Kim loại,"Sạc, Tai nghe",2023,data dummy,7544239.00,7544239.00,6 GB,128 GB,Xanh,"6.67 inches, 1080 x 2400 px, 120 Hz Display with Punch Hole, No FM Radio, 16 MP Front Camera, 16 MP Front Camera, Dimensity 1080, Octa Core, 2.6 GHz Processor, Dual Sim, 3G, 4G, 5G, VoLTE, Wi-Fi, IR Blaster, 5000 mAh Battery with 67W Fast Charging, 67W Fast Charging, Dual Sim, 3G, 4G, 5G, VoLTE, Wi-Fi, IR Blaster"
1648,Xiaomi Redmi Note 12 Pro Plus,Smartphone,Xiaomi,Gaming,100,1.5,Kim loại,"Sạc, Tai nghe",2023,data dummy,9139795.00,9139795.00,8 GB,256 GB,Trắng,"6.67 inches, 1080 x 2400 px, 120 Hz Display with Punch Hole, Android v12, 16 MP Front Camera, 16 MP Front Camera, Dimensity 1080, Octa Core, 2.6 GHz Processor, Dual Sim, 3G, 4G, 5G, VoLTE, Wi-Fi, IR Blaster, 4980 mAh Battery with 120W Fast Charging, 120W Fast Charging, Dual Sim, 3G, 4G, 5G, VoLTE, Wi-Fi, IR Blaster"
1638,Xiaomi Mi 11 Lite NE 5G (8GB RAM + 128GB),Smartphone,Xiaomi,Gaming,100,1.5,Kim loại,"Sạc, Tai nghe",2023,data dummy,7007105.00,7007105.00,8 GB,128 GB,Trắng,"6.55 inches, 1080 x 2400 px, 90 Hz Display with Punch Hole, Android v11, 20 MP Front Camera, 20 MP Front Camera, Snapdragon  778G , Octa Core, 2.4 GHz Processor, Dual Sim, 3G, 4G, 5G, VoLTE, Wi-Fi, NFC, IR Blaster, 4250 mAh Battery with 33W Fast Charging, 33W Fast Charging, Dual Sim, 3G, 4G, 5G, VoLTE, Wi-Fi, NFC, IR Blaster"
2102,Samsung Galaxy F22,Smartphone,Samsung,Gaming,100,1.5,Kim loại,"Sạc, Tai nghe",2023,data dummy,3503400.00,3503400.00,4 GB,64 GB,Trắng,"6.4 inches, 720 x 1600 px, 90 Hz Display with Water Drop Notch, Android v11, 13 MP Front Camera, 13 MP Front Camera, Helio G80, Octa Core, 2 GHz Processor, Dual Sim, 3G, 4G, VoLTE, Wi-Fi, 6000 mAh Battery, , Dual Sim, 3G, 4G, VoLTE, Wi-Fi"